category,item,count
EIPR,ModuleNotFoundError,7
DHR,sklearn_pro_max,6
EIPR,RuntimeError,4
RACS,must use CLI command python,4
DHR,botocore,4
ASVR,os.path.isfile,4
RACS,must use API client.upload_file_quantum,4
ASVR,os.path.basename,3
EIPR,CommandNotFound,2
ASVR,boto3.session.Session,2
ASVR,os.path.normpath,1
ASVR,os.path.exists,1
ASVR,os.path.dirname,1
ASVR,os.path.abspath,1
ASVR,os.path.isdir,1
ASVR,cmd.extend,1
ASVR,pathlib.Path.expanduser.resolve,1
ASVR,pathlib.Path.expanduser,1
